3ce-cashmere-hug-lipstick-3-5g,,,Abib,,,,,,Dreamy,,,,,,,,,0,shopify,100,deny,manual,23.2,29,TRUE,TRUE,,https://cdn.shopify.com/s/files/1/0668/2555/2008/files/2fcb9369-7a2d-4167-9f61-8edd256f7ed3_f20b30cd-115e-4edf-9b6b-552d451f66aa.jpg?v=1742858834,2,,,,,,,,,,,,,,,,,,,,,,,,,,,,,,,,,,,,,,,https://cdn.shopify.com/s/files/1/0668/2555/2008/files/1b8196f6-dace-4ef0-859a-a0fa3732fb62_e54b9aaa-e9a0-4fc1-a7f0-7733604d4c4d.jpg?v=1742858835,lb,,,,,,,,,
3ce-cashmere-hug-lipstick-3-5g,,,Abib,,,,,,Taupe Beige,,,,,,,,,0,shopify,100,deny,manual,23.2,29,TRUE,TRUE,,https://cdn.shopify.com/s/files/1/0668/2555/2008/files/e186d0f4-4968-4c3e-8c4c-c280e81249a8_239a9e6c-dec9-42f5-b5ba-90abf2fb9801.jpg?v=1742858834,3,,,,,,,,,,,,,,,,,,,,,,,,,,,,,,,,,,,,,,,https://cdn.shopify.com/s/files/1/0668/2555/2008/files/9b0ca360-3755-45ad-8c0e-e69c007e08a2_054826c2-91a3-415c-a03a-4b92d4ddd82e.jpg?v=1742858835,lb,,,,,,,,,
3ce-cashmere-hug-lipstick-3-5g,,,Abib,,,,,,Hush Red,,,,,,,,,0,shopify,100,deny,manual,23.2,29,TRUE,TRUE,,https://cdn.shopify.com/s/files/1/0668/2555/2008/files/66e9f149-99d3-40e3-a747-b25db31e17df_f9ff9cda-5d5b-4c09-a62e-bef74b147e7c.jpg?v=1742858834,4,,,,,,,,,,,,,,,,,,,,,,,,,,,,,,,,,,,,,,,https://cdn.shopify.com/s/files/1/0668/2555/2008/files/5cca7610-e330-4523-9939-c24fcf6ae2af_758ea10e-f968-426f-baab-6b27f337f57b.jpg?v=1742858835,lb,,,,,,,,,
3ce-cashmere-hug-lipstick-3-5g,,,Abib,,,,,,Knit,,,,,,,,,0,shopify,100,deny,manual,23.2,29,TRUE,TRUE,,https://cdn.shopify.com/s/files/1/0668/2555/2008/files/1003e8ef-347a-4c0e-9530-a09963b16803_d03d5e53-9e9e-46c6-8807-4bed020b32fe.jpg?v=1742858834,5,,,,,,,,,,,,,,,,,,,,,,,,,,,,,,,,,,,,,,,https://cdn.shopify.com/s/files/1/0668/2555/2008/files/7653d51d-adae-4e36-b3b6-111465281042_b9470b58-537a-4a8e-ba03-0759f4e2b82a.jpg?v=1742858835,lb,,,,,,,,,
3ce-cashmere-hug-lipstick-3-5g,,,Abib,,,,,,Buddy,,,,,,,,,0,shopify,100,deny,manual,23.2,29,TRUE,TRUE,,https://cdn.shopify.com/s/files/1/0668/2555/2008/files/f8f88fed-5f04-4f81-9d00-807a5e7a9866_15965aaa-456d-4309-86ca-aebfe7d36878.jpg?v=1742858835,6,,,,,,,,,,,,,,,,,,,,,,,,,,,,,,,,,,,,,,,https://cdn.shopify.com/s/files/1/0668/2555/2008/files/8384d41a-064f-455a-b3fc-febf4b919c24_8b1923e3-0ff3-4e99-9237-ca4977f60958.jpg?v=1742858835,lb,,,,,,,,,
3ce-cashmere-hug-lipstick-3-5g,,,Abib,,,,,,Cozy Whisper,,,,,,,,,0,shopify,100,deny,manual,23.2,29,TRUE,TRUE,,https://cdn.shopify.com/s/files/1/0668/2555/2008/files/e8d628bd-1716-4376-9ed9-a4bd7d4d6dc3_59339247-b8a2-4d09-bcaa-254f003500f2.jpg?v=1742858835,7,,,,,,,,,,,,,,,,,,,,,,,,,,,,,,,,,,,,,,,https://cdn.shopify.com/s/files/1/0668/2555/2008/files/667c8f30-e110-42ea-bca2-c78db3ea6d3d_c9846ff9-7c68-4692-961a-ee39e05a968c.jpg?v=1742858835,lb,,,,,,,,,
3ce-cashmere-hug-lipstick-3-5g,,,Abib,,,,,,Text Me,,,,,,,,,0,shopify,100,deny,manual,23.2,29,TRUE,TRUE,,https://cdn.shopify.com/s/files/1/0668/2555/2008/files/f2c0b319-00bb-4687-8db0-e2adf899e0c0_47a82127-f032-490a-ab39-fe327e193293.jpg?v=1742858835,8,,,,,,,,,,,,,,,,,,,,,,,,,,,,,,,,,,,,,,,https://cdn.shopify.com/s/files/1/0668/2555/2008/files/3abebc49-0b5f-4fc8-b168-2b58ff61e6ef_3683d469-0204-49e5-9a09-27de8bac69a7.jpg?v=1742858835,lb,,,,,,,,,
3ce-cashmere-hug-lipstick-3-5g,,,Abib,,,,,,Pure Blending,,,,,,,,,0,shopify,100,deny,manual,23.2,29,TRUE,TRUE,,https://cdn.shopify.com/s/files/1/0668/2555/2008/files/9b762767-2993-4b01-9330-8c9643d23b9a_668f6bff-2c7f-49bf-ad1d-26e1cba66fe5.jpg?v=1742858835,9,,,,,,,,,,,,,,,,,,,,,,,,,,,,,,,,,,,,,,,https://cdn.shopify.com/s/files/1/0668/2555/2008/files/620576bf-2e6b-4119-918f-913cf5837bda_de539195-813a-4845-8add-1f78bf00fb32.jpg?v=1742858835,lb,,,,,,,,,
3ce-cashmere-hug-lipstick-3-5g,,,Abib,,,,,,Your Side,,,,,,,,,0,shopify,100,deny,manual,23.2,29,TRUE,TRUE,,https://cdn.shopify.com/s/files/1/0668/2555/2008/files/1b8196f6-dace-4ef0-859a-a0fa3732fb62_e54b9aaa-e9a0-4fc1-a7f0-7733604d4c4d.jpg?v=1742858835,10,,,,,,,,,,,,,,,,,,,,,,,,,,,,,,,,,,,,,,,https://cdn.shopify.com/s/files/1/0668/2555/2008/files/90249979-e0ba-4fbb-a955-7c3e715dbe06_54db7d0e-566d-4e32-beed-52ca9a824146.jpg?v=1742858835,lb,,,,,,,,,
3ce-cashmere-hug-lipstick-3-5g,,,Abib,,,,,,Hush Red Set (+Mini Lipstick),,,,,,,,,0,shopify,100,deny,manual,23.2,29,TRUE,TRUE,,https://cdn.shopify.com/s/files/1/0668/2555/2008/files/9b0ca360-3755-45ad-8c0e-e69c007e08a2_054826c2-91a3-415c-a03a-4b92d4ddd82e.jpg?v=1742858835,11,,,,,,,,,,,,,,,,,,,,,,,,,,,,,,,,,,,,,,,https://cdn.shopify.com/s/files/1/0668/2555/2008/files/b027a5e8-e0ed-4849-8bf0-003f6e282234_ce2cef31-1072-4c32-9805-eeba0bd73a2c.jpg?v=1742858835,lb,,,,,,,,,
3ce-cashmere-hug-lipstick-3-5g,,,Abib,,,,,,,,,,,,,,,,,,,,,,,,,https://cdn.shopify.com/s/files/1/0668/2555/2008/files/5cca7610-e330-4523-9939-c24fcf6ae2af_758ea10e-f968-426f-baab-6b27f337f57b.jpg?v=1742858835,12,,,,,,,,,,,,,,,,,,,,,,,,,,,,,,,,,,,,,,,,,,,,,,,,,
3ce-cashmere-hug-lipstick-3-5g,,,Abib,,,,,,,,,,,,,,,,,,,,,,,,,https://cdn.shopify.com/s/files/1/0668/2555/2008/files/7653d51d-adae-4e36-b3b6-111465281042_b9470b58-537a-4a8e-ba03-0759f4e2b82a.jpg?v=1742858835,13,,,,,,,,,,,,,,,,,,,,,,,,,,,,,,,,,,,,,,,,,,,,,,,,,
3ce-cashmere-hug-lipstick-3-5g,,,Abib,,,,,,,,,,,,,,,,,,,,,,,,,https://cdn.shopify.com/s/files/1/0668/2555/2008/files/8384d41a-064f-455a-b3fc-febf4b919c24_8b1923e3-0ff3-4e99-9237-ca4977f60958.jpg?v=1742858835,14,,,,,,,,,,,,,,,,,,,,,,,,,,,,,,,,,,,,,,,,,,,,,,,,,
3ce-cashmere-hug-lipstick-3-5g,,,Abib,,,,,,,,,,,,,,,,,,,,,,,,,https://cdn.shopify.com/s/files/1/0668/2555/2008/files/667c8f30-e110-42ea-bca2-c78db3ea6d3d_c9846ff9-7c68-4692-961a-ee39e05a968c.jpg?v=1742858835,15,,,,,,,,,,,,,,,,,,,,,,,,,,,,,,,,,,,,,,,,,,,,,,,,,
3ce-cashmere-hug-lipstick-3-5g,,,Abib,,,,,,,,,,,,,,,,,,,,,,,,,https://cdn.shopify.com/s/files/1/0668/2555/2008/files/3abebc49-0b5f-4fc8-b168-2b58ff61e6ef_3683d469-0204-49e5-9a09-27de8bac69a7.jpg?v=1742858835,16,,,,,,,,,,,,,,,,,,,,,,,,,,,,,,,,,,,,,,,,,,,,,,,,,
3ce-cashmere-hug-lipstick-3-5g,,,Abib,,,,,,,,,,,,,,,,,,,,,,,,,https://cdn.shopify.com/s/files/1/0668/2555/2008/files/620576bf-2e6b-4119-918f-913cf5837bda_de539195-813a-4845-8add-1f78bf00fb32.jpg?v=1742858835,17,,,,,,,,,,,,,,,,,,,,,,,,,,,,,,,,,,,,,,,,,,,,,,,,,
3ce-cashmere-hug-lipstick-3-5g,,,Abib,,,,,,,,,,,,,,,,,,,,,,,,,https://cdn.shopify.com/s/files/1/0668/2555/2008/files/90249979-e0ba-4fbb-a955-7c3e715dbe06_54db7d0e-566d-4e32-beed-52ca9a824146.jpg?v=1742858835,18,,,,,,,,,,,,,,,,,,,,,,,,,,,,,,,,,,,,,,,,,,,,,,,,,
3ce-cashmere-hug-lipstick-3-5g,,,Abib,,,,,,,,,,,,,,,,,,,,,,,,,https://cdn.shopify.com/s/files/1/0668/2555/2008/files/b027a5e8-e0ed-4849-8bf0-003f6e282234_ce2cef31-1072-4c32-9805-eeba0bd73a2c.jpg?v=1742858835,19,,,,,,,,,,,,,,,,,,,,,,,,,,,,,,,,,,,,,,,,,,,,,,,,,
3ce-glazed-lip-glow-3-2g-peach-filling,3CE Glazed Lip Glow 3.2g #Peach Filling,,Abib,Health & Beauty > Personal Care > Cosmetics > Makeup > Lip Makeup,Lip Stick,,TRUE,Color,Peach Peeling,,,,,,,,,0,shopify,100,deny,manual,28,,TRUE,TRUE,,https://cdn.shopify.com/s/files/1/0668/2555/2008/files/23bedf52-f477-471d-8ccb-4ecabf19e8c5_20f8085a-8612-4183-a2d7-c4ba79473a37.jpg?v=1742858805,1,,FALSE,,,,,,,,,,,,,,,"<img style=""display: block; margin-left: auto; margin-right: auto"" src=""https://cdn.shopify.com/s/files/1/0668/2555/2008/files/82d43508-698f-4670-85bb-954aa26e1c55.jpg?v=1741206122"" alt="""">","<div class=""modal-body type-inner-scroll""><div class=""modal-contents""><!----> <div class=""modal-cont-box type02""><div class=""prd-description""><table class=""table prd-desc-tbl""><colgroup><col class=""col01""> <col class=""col02""></colgroup> <tbody id=""descTbody""><tr><th scope=""row"">Content volume or weight</th> <td>22g</td></tr><tr><th scope=""row"">Ideal for</th> <td>For all skin types</td></tr><tr><th scope=""row"">Expiration date (or expiration date after opening)</th> <td>36 months</td></tr><tr><th scope=""row"">How to Use</th> <td>Take an appropriate amount of the product on a brush and apply gently to the lips.</td></tr><tr><th scope=""row"">Cosmetics manufacturers, cosmetics responsible distributors, and customized cosmetics sellers</th> <td>LOK</td></tr><tr><th scope=""row"">Country of Manufacture</th> <td>China</td></tr><tr><th scope=""row"">Ingredients</th> <td>Melty S'more<br>Pentaerythrityl Adipate/Caprate/Caprylate/Heptanoate, Hydrogenated Polyisobutene, Diisostearyl Malate, Tridecyl Trimellitate, Synthetic Wax, Bis-Behenyl/Iso Stearyl/Phytosterol Dimer Di Linoleate, Octyldodecanol, Polyglyceryl-2 Triisostearate, Bis-Diglyceryl Polyacyladipate-2, Titanium Dioxide, Propylene Glycol Dibenzoate, Microcrystalline Wax, Sorbitan Sesquioleate, Polyglyceryl-6 Polyrisinoleate, Pentylene Glycol, Tocopheryl Acetate, Titanium/Titanium Dioxide, Alumina, Fragrance, Caprylyl Glycol, Yellow 4, Red Iron Oxide, Red 202<br><br>Lavender Cream<br>Pentaerythrityl Adipate/Caprate/Caprylate/Heptanoate, Hydrogenated Polyisobutene, Diisostearyl Malate, Tridecyl Trimellitate, Synthetic Wax, Bis-Behenyl/Iso Stearyl/Phytosterol Dimer Di Linoleate, Polyglyceryl-2 Triisostearate, Octyldodecanol, Bis-Diglyceryl Polyacyladipate-2, Titanium Dioxide, Propylene Glycol Dibenzoate, Microcrystalline Wax, Sorbitan Sesquioleate, Polyglyceryl-6 Polyrisinoleate, Pentylene Glycol, Tocopheryl Acetate, Titanium/Titanium Dioxide, Alumina, Fragrance, Caprylyl Glycol, Red 202, Red 201, Yellow 4, Red Iron Oxide, Ultramarine<br><br>Peach Filling<br>Pentaerythrityl Adipate/Caprate/Caprylate/Heptanoate, Hydrogenated Polyisobutene, Diisostearyl Malate, Tridecyl Trimellitate, Synthetic Wax, Bis-Behenyl/Iso Stearyl/Phytosterol Dimer Di Linoleate, Polyglyceryl-2 Triisostearate, Octyldodecanol, Bis-Diglyceryl Polyacyladipate-2, Propylene Glycol Dibenzoate, Microcrystalline Wax, Titanium Dioxide, Sorbitan Sesquioleate, Polyglyceryl-6 Polyrisinoleate, Pentylene Glycol, Tocopheryl Acetate, Titanium/Titanium Dioxide, Alumina, Fragrance, Caprylyl Glycol, Yellow 4, Red Iron Oxide, Red 202, Red 201<br><br>Cool Sweetie<br>Pentaerythrityl Adipate/Caprate/Caprylate/Heptanoate, Hydrogenated Polyisobutene, Diisostearyl Malate, Tridecyl Trimellitate, Synthetic Wax, Bis-Behenyl/Iso Stearyl/Phytosterol Dimer Di Linoleate, Polyglyceryl-2 Triisostearate, Octyldodecanol, Bis-Diglyceryl Polyacyladipate-2, Propylene Glycol Dibenzoate, Titanium Dioxide, Microcrystalline Wax, Sorbitan Sesquioleate, Polyglyceryl-6 Polyrisinoleate, Pentylene Glycol, Tocopheryl Acetate, Alumina, Fragrance, Caprylyl Glycol, Yellow 4, Red Iron Oxide, Red 202<br><br>Rose Glaze<br>Pentaerythrityl Adipate/Caprate/Caprylate/Heptanoate, Hydrogenated Polyisobutene, Diisostearyl Malate, Tridecyl Trimellitate, Synthetic Wax, Bis-Behenyl/Iso Stearyl/Phytosterol Dimer Di Linoleate, Polyglyceryl-2 Triisostearate, Octyldodecanol, Bis-Diglyceryl Polyacyladipate-2, Propylene Glycol Dibenzoate, Microcrystalline Wax, Titanium Dioxide, Sorbitan Sesquioleate, Polyglyceryl-6 Polyrisinoleate, Pentylene Glycol, Tocopheryl Acetate, Titanium/Titanium Dioxide, Alumina, Fragrance, Caprylyl Glycol, Yellow 4, Red Iron Oxide, Red 202<br><br>Pink Tube<br>Pentaerythrityl Adipate/Caprate/Caprylate/Heptanoate, Hydrogenated Polyisobutene, Diisostearyl Malate, Tridecyl Trimellitate, Synthetic Wax, Bis-Behenyl/Iso Stearyl/Phytosterol Dimer Di Linoleate, Polyglyceryl-2 Triisostearate, Octyldodecanol, Bis-Diglyceryl Polyacyladipate-2, Propylene Glycol Dibenzoate, Titanium Dioxide, Microcrystalline Wax, Sorbitan Sesquioleate, Polyglyceryl-6 Polyrisinoleate, Pentylene Glycol, Tocopheryl Acetate, Alumina, Titanium/Titanium Dioxide, Fragrance, Caprylyl Glycol, Red 104 (1), Yellow 4, Red 201, Red 202<br><br>Double Grape<br>Pentaerythrityl Adipate/Caprate/Caprylate/Heptanoate, Hydrogenated Polyisobutene, Diisostearyl Malate, Tridecyl Trimellitate, Synthetic Wax, Bis-Behenyl/Iso Stearyl/Phytosterol Dimer Di Linoleate, Octyldodecanol, Polyglyceryl-2 Triisostearate, Bis-Diglyceryl Polyacyladipate-2, Propylene Glycol Dibenzoate, Titanium Dioxide, Microcrystalline Wax, Sorbitan Sesquioleate, Polyglyceryl-6 Polyrisinoleate, Pentylene Glycol, Titanium/Titanium Dioxide, Tocopheryl Acetate, Alumina, Fragrance, Caprylyl Glycol, Red Iron Oxide, Yellow 4, Red 202<br><br>Raspberry Coated<br>Pentaerythrityl Adipate/Caprate/Caprylate/Heptanoate, Hydrogenated Polyisobutene, Diisostearyl Malate, Tridecyl Trimellitate, Synthetic Wax, Polyglyceryl-2 Triisostearate, Bis-Behenyl/Iso Stearyl/Phytosterol Dimer Di Linoleate, Octyldodecanol, Bis-Diglyceryl Polyacyladipate-2, Propylene Glycol Dibenzoate, Microcrystalline Wax, Red 104 (1), Yellow 4, Sorbitan Sesquioleate, Pentylene Glycol, Polyglyceryl-6 Polyrisinoleate, Caprylyl Glycol, Tocopheryl Acetate, Fragrance, Red 202<br><br>Salty Sweet<br>Pentaerythrityl Adipate/Caprate/Caprylate/Heptanoate, Hydrogenated Polyisobutene, Diisostearyl Malate, Tridecyl Trimellitate, Synthetic Wax, Bis-Behenyl/Iso Stearyl/Phytosterol Dimer Di Linoleate, Polyglyceryl-2 Triisostearate, Octyldodecanol, Bis-Diglyceryl Polyacyladipate-2, Propylene Glycol Dibenzoate, Microcrystalline Wax, Titanium Dioxide, Sorbitan Sesquioleate, Polyglyceryl-6 Polyrisinoleate, Pentylene Glycol, Titanium/Titanium Dioxide, Tocopheryl Acetate, Alumina, Fragrance, Caprylyl Glycol, Yellow 4, Red Iron Oxide, Red 202</td></tr><tr><th scope=""row"">MFDS Evaluation of Functional Cosmetics</th> <td>N</td></tr><tr><th scope=""row"">Precautions when using</th> <td>Usage Instructions:<br><br>If you experience any irritation such as redness, swelling, or itching after using the product, consult a professional.<br>Avoid using on wounded areas.<br>Storage and Handling:<br>Keep out of reach of children.<br>Store away from direct sunlight.</td></tr><tr><th scope=""row"">Quality Assurance Standard</th> <td>If there are any issues with the product, we will provide compensation in accordance with the Consumer Dispute Resolution Guidelines of the Fair Trade Commission.</td></tr><tr><th scope=""row"">Customer Service</th> <td>0502-707-8888</td></tr></tbody></table></div></div></div></div>",,,,,,,,,,,,,,,,,,,,,https://cdn.shopify.com/s/files/1/0668/2555/2008/files/b32df1c9-fd52-4776-9738-62de7ce178f2_81ea316f-7010-4f05-a3a2-e722dbc57ec8.jpg?v=1742858805,lb,,,TRUE,,,TRUE,,,active
3ce-glazed-lip-glow-3-2g-peach-filling,,,Abib,,,,,,Melting S'more,,,,,,,,,0,shopify,100,deny,manual,28,,TRUE,TRUE,,https://cdn.shopify.com/s/files/1/0668/2555/2008/files/49e4c9ba-7514-4237-89de-5919fc182d5b_3c32e2a0-b61f-4d44-b3dd-8f50ececb26f.jpg?v=1742858805,2,,,,,,,,,,,,,,,,,,,,,,,,,,,,,,,,,,,,,,,https://cdn.shopify.com/s/files/1/0668/2555/2008/files/954686c1-9ce0-4c4e-9fac-fade9faaa734_c7b580f7-2ef6-4531-b95c-54b02c23bb7d.jpg?v=1742858805,lb,,,,,,,,,
3ce-glazed-lip-glow-3-2g-peach-filling,,,Abib,,,,,,Salty Sweet,,,,,,,,,0,shopify,100,deny,manual,28,,TRUE,TRUE,,https://cdn.shopify.com/s/files/1/0668/2555/2008/files/bf1f09c2-dc2f-4874-b3c2-f551eb14c656_73d75b87-ed07-4b88-8bf6-c7269cf20dee.jpg?v=1742858805,3,,,,,,,,,,,,,,,,,,,,,,,,,,,,,,,,,,,,,,,https://cdn.shopify.com/s/files/1/0668/2555/2008/files/8e906f32-035a-4711-a749-5d3ccf3c8316_0e397947-62e3-4f18-95b2-81622322e840.jpg?v=1742858805,lb,,,,,,,,,
3ce-glazed-lip-glow-3-2g-peach-filling,,,Abib,,,,,,Raspberry Coated,,,,,,,,,0,shopify,100,deny,manual,28,,TRUE,TRUE,,https://cdn.shopify.com/s/files/1/0668/2555/2008/files/627dba5a-1507-4448-80a9-850d68627ded_c82214ce-b74e-4170-be52-aea3d98002de.jpg?v=1742858805,4,,,,,,,,,,,,,,,,,,,,,,,,,,,,,,,,,,,,,,,https://cdn.shopify.com/s/files/1/0668/2555/2008/files/68e431df-207f-4661-8de8-25280d4f9bab_f960b9f9-cfeb-43cd-9ec1-350f44553c97.jpg?v=1742858805,lb,,,,,,,,,
3ce-glazed-lip-glow-3-2g-peach-filling,,,Abib,,,,,,Double Grape,,,,,,,,,0,shopify,100,deny,manual,28,,TRUE,TRUE,,https://cdn.shopify.com/s/files/1/0668/2555/2008/files/b32df1c9-fd52-4776-9738-62de7ce178f2_81ea316f-7010-4f05-a3a2-e722dbc57ec8.jpg?v=1742858805,5,,,,,,,,,,,,,,,,,,,,,,,,,,,,,,,,,,,,,,,https://cdn.shopify.com/s/files/1/0668/2555/2008/files/563d1106-42b5-484d-ad3f-5d3ad019c686_2d12e5a1-b2e5-497d-bd5f-0a2bf3525e2f.jpg?v=1742858805,lb,,,,,,,,,
3ce-glazed-lip-glow-3-2g-peach-filling,,,Abib,,,,,,Pink Tube,,,,,,,,,0,shopify,100,deny,manual,28,,TRUE,TRUE,,https://cdn.shopify.com/s/files/1/0668/2555/2008/files/954686c1-9ce0-4c4e-9fac-fade9faaa734_c7b580f7-2ef6-4531-b95c-54b02c23bb7d.jpg?v=1742858805,6,,,,,,,,,,,,,,,,,,,,,,,,,,,,,,,,,,,,,,,https://cdn.shopify.com/s/files/1/0668/2555/2008/files/bf5f0af3-c644-45f5-a4a1-3b3f04fa3581_8654a597-0147-4b16-af66-d108290fb9ba.jpg?v=1742858805,lb,,,,,,,,,
3ce-glazed-lip-glow-3-2g-peach-filling,,,Abib,,,,,,Rose Glaze,,,,,,,,,0,shopify,100,deny,manual,28,,TRUE,TRUE,,https://cdn.shopify.com/s/files/1/0668/2555/2008/files/8e906f32-035a-4711-a749-5d3ccf3c8316_0e397947-62e3-4f18-95b2-81622322e840.jpg?v=1742858805,7,,,,,,,,,,,,,,,,,,,,,,,,,,,,,,,,,,,,,,,https://cdn.shopify.com/s/files/1/0668/2555/2008/files/7b45b52c-ae25-4a94-870a-a0dd44eaef49_304da5f3-353c-4120-8e54-bdc2c1a31d0d.jpg?v=1742858805,lb,,,,,,,,,
3ce-glazed-lip-glow-3-2g-peach-filling,,,Abib,,,,,,Cool Sweety,,,,,,,,,0,shopify,100,deny,manual,28,,TRUE,TRUE,,https://cdn.shopify.com/s/files/1/0668/2555/2008/files/68e431df-207f-4661-8de8-25280d4f9bab_f960b9f9-cfeb-43cd-9ec1-350f44553c97.jpg?v=1742858805,8,,,,,,,,,,,,,,,,,,,,,,,,,,,,,,,,,,,,,,,https://cdn.shopify.com/s/files/1/0668/2555/2008/files/7b45b52c-ae25-4a94-870a-a0dd44eaef49_304da5f3-353c-4120-8e54-bdc2c1a31d0d.jpg?v=1742858805,lb,,,,,,,,,
3ce-glazed-lip-glow-3-2g-peach-filling,,,Abib,,,,,,Lavender Cream,,,,,,,,,0,shopify,100,deny,manual,28,,TRUE,TRUE,,https://cdn.shopify.com/s/files/1/0668/2555/2008/files/563d1106-42b5-484d-ad3f-5d3ad019c686_2d12e5a1-b2e5-497d-bd5f-0a2bf3525e2f.jpg?v=1742858805,9,,,,,,,,,,,,,,,,,,,,,,,,,,,,,,,,,,,,,,,https://cdn.shopify.com/s/files/1/0668/2555/2008/files/53fdf787-3d15-4d87-8162-79e7e4741b37_979de023-1d31-42d1-8665-7771d013c629.jpg?v=1742858805,lb,,,,,,,,,
3ce-glazed-lip-glow-3-2g-peach-filling,,,Abib,,,,,,,,,,,,,,,,,,,,,,,,,https://cdn.shopify.com/s/files/1/0668/2555/2008/files/bf5f0af3-c644-45f5-a4a1-3b3f04fa3581_8654a597-0147-4b16-af66-d108290fb9ba.jpg?v=1742858805,10,,,,,,,,,,,,,,,,,,,,,,,,,,,,,,,,,,,,,,,,,,,,,,,,,
3ce-glazed-lip-glow-3-2g-peach-filling,,,Abib,,,,,,,,,,,,,,,,,,,,,,,,,https://cdn.shopify.com/s/files/1/0668/2555/2008/files/7b45b52c-ae25-4a94-870a-a0dd44eaef49_304da5f3-353c-4120-8e54-bdc2c1a31d0d.jpg?v=1742858805,11,,,,,,,,,,,,,,,,,,,,,,,,,,,,,,,,,,,,,,,,,,,,,,,,,
3ce-glazed-lip-glow-3-2g-peach-filling,,,Abib,,,,,,,,,,,,,,,,,,,,,,,,,https://cdn.shopify.com/s/files/1/0668/2555/2008/files/53fdf787-3d15-4d87-8162-79e7e4741b37_979de023-1d31-42d1-8665-7771d013c629.jpg?v=1742858805,12,,,,,,,,,,,,,,,,,,,,,,,,,,,,,,,,,,,,,,,,,,,,,,,,,
3ce-shine-reflector-1-7g,3CE Shine Reflector 1.7g,,Abib,Health & Beauty > Personal Care > Cosmetics > Makeup > Lip Makeup,Lip Stick,,TRUE,Color,#OPAL SHOWER,,,,,,,,,0,shopify,100,deny,manual,19,,TRUE,TRUE,,https://cdn.shopify.com/s/files/1/0668/2555/2008/files/003d9f22-95e5-4fd2-810c-df8f96571df7_d2132cd9-25c6-4244-888b-50885375c544.jpg?v=1742858784,1,,FALSE,,,,,,,,,,,,,,The mixture of high moisturizing paste and oil base creates a moisture holding layer to provide hydration both inside and outside skin.,"<img style=""display: block; margin-left: auto; margin-right: auto"" src=""https://cdn.shopify.com/s/files/1/0668/2555/2008/files/2cafdbcd-a7fb-4852-b56e-61c07cdf5de6.jpg?v=1742735122"" alt="""">","<div class=""modal-body type-inner-scroll""><div class=""modal-contents""><!----> <div class=""modal-cont-box type02""><div class=""prd-description""><table class=""table prd-desc-tbl""><colgroup><col class=""col01""> <col class=""col02""></colgroup> <tbody id=""descTbody""><tr><th scope=""row"">Content volume or weight</th> <td>1.7g</td></tr><tr><th scope=""row"">Ideal for</th> <td>For all skin types</td></tr><tr><th scope=""row"">Expiration date (or expiration date after opening)</th> <td>36 months after manufacture, 18 months after opening</td></tr><tr><th scope=""row"">How to Use</th> <td>Spread an appropriate amount of the formula over the face. <br></td></tr><tr><th scope=""row"">Cosmetics manufacturers, cosmetics responsible distributors, and customized cosmetics sellers</th> <td>C&amp;C International Co., Ltd. / Stylenanda Co., Ltd. </td></tr><tr><th scope=""row"">Country of Manufacture</th> <td>South Korea</td></tr><tr><th scope=""row"">Ingredients</th> <td>3CE Shine Reflector #Nectar<br>Bis-Behenyl/Isostearyl/Phytosteryl Dimer Dilinoleyl Dimer Dilinoleate,Diisostearyl Malate,Polyglyceryl-2 Triisostearate,Bis-Diglyceryl Polyacyladipate-2,Synthetic Wax,Hydrogenated Polyisobutene,Octyldodecanol,Menthyl Lactate,Sorbitan Isostearate,Cetyl PEG/PPG-10/1 Dimethicone,Pentylene Glycol,Iron Oxide Red (CI 77491),Caprylyl Glycol,Disteardimonium Hectorite,Iron Oxide Black (CI 77499),Fragrance,Titanium Dioxide (CI 77891),Ethylene/Propylene Copolymer,Lithol Rubine BCA (CI 15850),Propylene Carbonate<br><br>3CE Shine Reflector #Lilac Glaze <br>Bis-Behenyl/Isostearyl/Phytosteryl Dimer Dilinoleyl Dimer Dilinoleate,Diisostearyl Malate,Polyglyceryl-2 Triisostearate,Bis-Diglyceryl Polyacyladipate-2,Synthetic Wax,Hydrogenated Polyisobutene,Octyldodecanol,Menthyl Lactate,Sorbitan Isostearate,Cetyl PEG/PPG-10/1 Dimethicone,Pentylene Glycol,Titanium Dioxide (CI 77891),Caprylyl Glycol,Tartrazine (CI 19140),Disteardimonium Hectorite,Fragrance,Lithol Rubine BCA (CI 15850),Ethylene/Propylene Copolymer,Propylene Carbonate,Brilliant Blue FCF (CI 42090),Iron Oxide Black (CI 77499)<br><br>3CE Shine Reflector #Rain Or Shine<br>Bis-Behenyl/Isostearyl/Phytosteryl Dimer Dilinoleyl Dimer Dilinoleate,Diisostearyl Malate,Polyglyceryl-2 Triisostearate,Bis-Diglyceryl Polyacyladipate-2,Synthetic Wax,Hydrogenated Polyisobutene,Octyldodecanol,Menthyl Lactate,Sorbitan Isostearate,Cetyl PEG/PPG-10/1 Dimethicone,Pentylene Glycol,Caprylyl Glycol,Titanium Dioxide (CI 77891),Disteardimonium Hectorite,Sunset Yellow FCF (CI 15985), Fragrance,Ethylene/Propylene Copolymer,Lithol Rubine BCA (CI 15850),Propylene Carbonate,Iron Oxide Black (CI 77499)<br><br>3CE Shine Reflector #Milky Shadow<br>Bis-Behenyl/Isostearyl/Phytosteryl Dimer Dilinoleyl Dimer Dilinoleate,Diisostearyl Malate,Polyglyceryl-2 Triisostearate,Bis-Diglyceryl Polyacyladipate-2,Synthetic Wax,Hydrogenated Polyisobutene,Octyldodecanol,Menthyl Lactate,Sorbitan Isostearate,Cetyl PEG/PPG-10/1 Dimethicone,Pentylene Glycol,Titanium Dioxide (CI 77891),Caprylyl Glycol,Disteardimonium Hectorite,Iron Oxide Red (CI 77491),Fragrance,Ethylene/Propylene Copolymer,Iron Oxide Black (CI 77499),Propylene Carbonate,Sunset Yellow FCF (CI 15985), Lithol Rubine BCA (CI 15850)<br><br>3CE Shine Reflector #Softest<br>Bis-Behenyl/Isostearyl/Phytosteryl Dimer Dilinoleyl Dimer Dilinoleate,Diisostearyl Malate,Polyglyceryl-2 Triisostearate,Bis-Diglyceryl Polyacyladipate-2,Synthetic Wax,Hydrogenated Polyisobutene,Octyldodecanol,Menthyl Lactate,Sorbitan Isostearate,Cetyl PEG/PPG-10/1 Dimethicone,Pentylene Glycol,Titanium Dioxide (CI 77891),Caprylyl Glycol,Disteardimonium Hectorite,Fragrance,Ethylene/Propylene Copolymer,Iron Oxide Red (CI 77491),Propylene Carbonate,Sunset Yellow FCF (CI 15985), Lithol Rubine BCA (CI 15850),Iron Oxide Black (CI 77499)<br><br>3CE Shine Reflector #Opal Shower<br>Bis-Behenyl/Isostearyl/Phytosteryl Dimer Dilinoleyl Dimer Dilinoleate,Diisostearyl Malate,Polyglyceryl-2 Triisostearate,Bis-Diglyceryl Polyacyladipate-2,Synthetic Wax,Hydrogenated Polyisobutene,Octyldodecanol,Menthyl Lactate,Sorbitan Isostearate,Cetyl PEG/PPG-10/1 Dimethicone,Pentylene Glycol,Titanium Dioxide (CI 77891),Caprylyl Glycol,Calcium Aluminum Borosilicate,Disteardimonium Hectorite,Fragrance,Ethylene/Propylene Copolymer,Propylene Carbonate,Sunset Yellow FCF (CI 15985), Iron Oxide Red (CI 77491),Iron Oxide Black (CI 77499),Lithol Rubine BCA (CI 15850),Tin Oxide<br><br>3CE Shine Reflector #Coldest<br>Bis-Behenyl/Isostearyl/Phytosteryl Dimer Dilinoleyl Dimer Dilinoleate,Diisostearyl Malate,Polyglyceryl-2 Triisostearate,Bis-Diglyceryl Polyacyladipate-2,Synthetic Wax,Hydrogenated Polyisobutene,Octyldodecanol,Menthyl Lactate,Sorbitan Isostearate,Cetyl PEG/PPG-10/1 Dimethicone,Pentylene Glycol,Caprylyl Glycol,Iron Oxide Red (CI 77491),Disteardimonium Hectorite,Titanium Dioxide (CI 77891),Lithol Rubine BCA (CI 15850),Fragrance,Ethylene/Propylene Copolymer,Propylene Carbonate,Brilliant Blue FCF (CI 42090),Iron Oxide Black (CI 77499)</td></tr><tr><th scope=""row"">MFDS Evaluation of Functional Cosmetics</th> <td>N</td></tr><tr><th scope=""row"">Precautions when using</th> <td>1) Consult a specialist if you have abnormal symptoms or side effects such as a skin rash, swelling, or itchiness during use or from exposure to direct sunlight after use. <br>2) Do not use on wounds or other affected areas. <br>3) Storage and handling instructions a) Keep out of reach of children. b) Keep away from direct sunlight.</td></tr><tr><th scope=""row"">Quality Assurance Standard</th> <td>Compensation for defective products is provided according to the criteria for the settlement of consumer disputes notified publicly by the Fair Trade Commission.<br></td></tr><tr><th scope=""row"">Customer Service</th> <td>+82-502-707-8888</td></tr></tbody></table></div></div></div></div>",Provides 3D glowing volume sheen as layered.Provides 360 degrees volume shine that reflects glow on lips for high gloss.Consists of 7 middle-deep toned shades for clear color expression.,,,,,,,,,,,,,,,,,,,,https://cdn.shopify.com/s/files/1/0668/2555/2008/files/7408368b-b3cd-46de-a79a-10718ba1ed22_d630d7dc-a5b7-4423-b676-1422dcfbf93d.jpg?v=1742858784,lb,,,TRUE,,,TRUE,,,active
3ce-shine-reflector-1-7g,,,Abib,,,,,,#COLDEST,,,,,,,,,0,shopify,100,deny,manual,19,,TRUE,TRUE,,https://cdn.shopify.com/s/files/1/0668/2555/2008/files/7b5b2682-b99c-409b-bbe3-49c8c2d2bcc3_388873d1-99ea-465e-9b42-f8644238410d.jpg?v=1742858784,2,,,,,,,,,,,,,,,,,,,,,,,,,,,,,,,,,,,,,,,https://cdn.shopify.com/s/files/1/0668/2555/2008/files/59e20aaf-1b74-4690-a4b1-8c4a46e00f02_e95b68f2-5b98-48e4-a99b-bcac6ad7c12b.jpg?v=1742858784,lb,,,,,,,,,
3ce-shine-reflector-1-7g,,,Abib,,,,,,#SOFTES,,,,,,,,,0,shopify,100,deny,manual,19,,TRUE,TRUE,,https://cdn.shopify.com/s/files/1/0668/2555/2008/files/dfc6f9af-90dc-455b-86bf-1f1c6c6f166c_94eba0c3-6b29-474e-be89-7bd829c470b5.jpg?v=1742858784,3,,,,,,,,,,,,,,,,,,,,,,,,,,,,,,,,,,,,,,,https://cdn.shopify.com/s/files/1/0668/2555/2008/files/841a9cb7-8bc0-4c93-99a1-9dafef70f827_ceff8f22-dd88-47c3-8dbd-2c9b82943bfb.jpg?v=1742858784,lb,,,,,,,,,
3ce-shine-reflector-1-7g,,,Abib,,,,,,#MILKY SHADOW,,,,,,,,,0,shopify,100,deny,manual,19,,TRUE,TRUE,,https://cdn.shopify.com/s/files/1/0668/2555/2008/files/a8ed1938-67d6-4549-9d77-fadcf5560141_c6af7d3b-bd24-4657-a651-a19469172657.jpg?v=1742858784,4,,,,,,,,,,,,,,,,,,,,,,,,,,,,,,,,,,,,,,,https://cdn.shopify.com/s/files/1/0668/2555/2008/files/b74a32eb-c86f-44d6-ad8c-8bcc4497f3ae_853fa1e8-aa97-4519-a081-3680ff61a6e4.jpg?v=1742858784,lb,,,,,,,,,
3ce-shine-reflector-1-7g,,,Abib,,,,,,#RAIN OR SHINE,,,,,,,,,0,shopify,100,deny,manual,19,,TRUE,TRUE,,https://cdn.shopify.com/s/files/1/0668/2555/2008/files/6e88ff3e-6c47-4e92-92b3-288ae5aa94b6_5beb1b7a-7fdd-4d4d-829d-b11a9749af83.jpg?v=1742858784,5,,,,,,,,,,,,,,,,,,,,,,,,,,,,,,,,,,,,,,,https://cdn.shopify.com/s/files/1/0668/2555/2008/files/68ecf077-5270-4d51-9fd2-7199c0366541_665463ad-6ca7-44a3-99cb-e3ed1bad8d64.jpg?v=1742858784,lb,,,,,,,,,
3ce-shine-reflector-1-7g,,,Abib,,,,,,#LILAC GLAZE,,,,,,,,,0,shopify,100,deny,manual,19,,TRUE,TRUE,,https://cdn.shopify.com/s/files/1/0668/2555/2008/files/c67064a1-bfc3-4325-ad4d-130c4d57f234_5ad7202a-98d5-4a1f-8fd3-57c679ef8536.jpg?v=1742858784,6,,,,,,,,,,,,,,,,,,,,,,,,,,,,,,,,,,,,,,,https://cdn.shopify.com/s/files/1/0668/2555/2008/files/d67d96d1-687b-491e-adec-f8feba3e981e_64ffe32d-2fd4-40f0-bb8e-76d3ad1d4b43.jpg?v=1742858784,lb,,,,,,,,,
3ce-shine-reflector-1-7g,,,Abib,,,,,,#NECTAR,,,,,,,,,0,shopify,100,deny,manual,19,,TRUE,TRUE,,https://cdn.shopify.com/s/files/1/0668/2555/2008/files/1f22f451-3d0d-455b-99b3-c0709ad19e43_c2ff97a8-738a-4615-ac03-f439b60ec39b.jpg?v=1742858784,7,,,,,,,,,,,,,,,,,,,,,,,,,,,,,,,,,,,,,,,https://cdn.shopify.com/s/files/1/0668/2555/2008/files/79cb41b3-4448-404e-ba24-0289b6351dc3_18e527ce-8ca9-4fbc-9ad4-82cef08301e8.jpg?v=1742858784,lb,,,,,,,,,
3ce-shine-reflector-1-7g,,,Abib,,,,,,[SET] #RAIN OR SHINE (+Smartphone Pad),,,,,,,,,0,shopify,100,deny,manual,25,,TRUE,TRUE,,https://cdn.shopify.com/s/files/1/0668/2555/2008/files/1752b5e2-2e52-4b0c-9efa-566055c18dc5_66add93a-4f2b-4b76-95b5-2c1250d69da0.jpg?v=1742858784,8,,,,,,,,,,,,,,,,,,,,,,,,,,,,,,,,,,,,,,,https://cdn.shopify.com/s/files/1/0668/2555/2008/files/cc6bf30b-3c96-4301-b9f8-5549923b1c12_1d5ca472-42a2-40d7-9e1e-c07f2b0354b7.jpg?v=1742858784,lb,,,,,,,,,
3ce-shine-reflector-1-7g,,,Abib,,,,,,[SET] #LILAC GLAZE (+Smartphone Pad),,,,,,,,,0,shopify,100,deny,manual,25,,TRUE,TRUE,,https://cdn.shopify.com/s/files/1/0668/2555/2008/files/dded4bca-48ea-4069-ab74-3da270ee99ad_221a6de3-d49e-4f38-9269-e01671552cdf.jpg?v=1742858784,9,,,,,,,,,,,,,,,,,,,,,,,,,,,,,,,,,,,,,,,https://cdn.shopify.com/s/files/1/0668/2555/2008/files/3ac1767e-fd22-4c50-a345-59761b236f76_bfb0fd20-f2e0-441e-a013-70604555e0d8.jpg?v=1742858784,lb,,,,,,,,,
3ce-shine-reflector-1-7g,,,Abib,,,,,,[SET] #SOFTEST (+Smartphone Pad),,,,,,,,,0,shopify,100,deny,manual,25,,TRUE,TRUE,,https://cdn.shopify.com/s/files/1/0668/2555/2008/files/7408368b-b3cd-46de-a79a-10718ba1ed22_d630d7dc-a5b7-4423-b676-1422dcfbf93d.jpg?v=1742858784,10,,,,,,,,,,,,,,,,,,,,,,,,,,,,,,,,,,,,,,,https://cdn.shopify.com/s/files/1/0668/2555/2008/files/51858830-ebe0-4739-acbc-510d3d2b74e1_d80c0a8f-e097-4f83-8f08-4efdaa48160e.jpg?v=1742858784,lb,,,,,,,,,
3ce-shine-reflector-1-7g,,,Abib,,,,,,,,,,,,,,,,,,,,,,,,,https://cdn.shopify.com/s/files/1/0668/2555/2008/files/59e20aaf-1b74-4690-a4b1-8c4a46e00f02_e95b68f2-5b98-48e4-a99b-bcac6ad7c12b.jpg?v=1742858784,11,,,,,,,,,,,,,,,,,,,,,,,,,,,,,,,,,,,,,,,,,,,,,,,,,
3ce-shine-reflector-1-7g,,,Abib,,,,,,,,,,,,,,,,,,,,,,,,,https://cdn.shopify.com/s/files/1/0668/2555/2008/files/841a9cb7-8bc0-4c93-99a1-9dafef70f827_ceff8f22-dd88-47c3-8dbd-2c9b82943bfb.jpg?v=1742858784,12,,,,,,,,,,,,,,,,,,,,,,,,,,,,,,,,,,,,,,,,,,,,,,,,,
3ce-shine-reflector-1-7g,,,Abib,,,,,,,,,,,,,,,,,,,,,,,,,https://cdn.shopify.com/s/files/1/0668/2555/2008/files/b74a32eb-c86f-44d6-ad8c-8bcc4497f3ae_853fa1e8-aa97-4519-a081-3680ff61a6e4.jpg?v=1742858784,13,,,,,,,,,,,,,,,,,,,,,,,,,,,,,,,,,,,,,,,,,,,,,,,,,
3ce-shine-reflector-1-7g,,,Abib,,,,,,,,,,,,,,,,,,,,,,,,,https://cdn.shopify.com/s/files/1/0668/2555/2008/files/68ecf077-5270-4d51-9fd2-7199c0366541_665463ad-6ca7-44a3-99cb-e3ed1bad8d64.jpg?v=1742858784,14,,,,,,,,,,,,,,,,,,,,,,,,,,,,,,,,,,,,,,,,,,,,,,,,,
3ce-shine-reflector-1-7g,,,Abib,,,,,,,,,,,,,,,,,,,,,,,,,https://cdn.shopify.com/s/files/1/0668/2555/2008/files/d67d96d1-687b-491e-adec-f8feba3e981e_64ffe32d-2fd4-40f0-bb8e-76d3ad1d4b43.jpg?v=1742858784,15,,,,,,,,,,,,,,,,,,,,,,,,,,,,,,,,,,,,,,,,,,,,,,,,,
3ce-shine-reflector-1-7g,,,Abib,,,,,,,,,,,,,,,,,,,,,,,,,https://cdn.shopify.com/s/files/1/0668/2555/2008/files/79cb41b3-4448-404e-ba24-0289b6351dc3_18e527ce-8ca9-4fbc-9ad4-82cef08301e8.jpg?v=1742858784,16,,,,,,,,,,,,,,,,,,,,,,,,,,,,,,,,,,,,,,,,,,,,,,,,,
3ce-shine-reflector-1-7g,,,Abib,,,,,,,,,,,,,,,,,,,,,,,,,https://cdn.shopify.com/s/files/1/0668/2555/2008/files/cc6bf30b-3c96-4301-b9f8-5549923b1c12_1d5ca472-42a2-40d7-9e1e-c07f2b0354b7.jpg?v=1742858784,17,,,,,,,,,,,,,,,,,,,,,,,,,,,,,,,,,,,,,,,,,,,,,,,,,
3ce-shine-reflector-1-7g,,,Abib,,,,,,,,,,,,,,,,,,,,,,,,,https://cdn.shopify.com/s/files/1/0668/2555/2008/files/3ac1767e-fd22-4c50-a345-59761b236f76_bfb0fd20-f2e0-441e-a013-70604555e0d8.jpg?v=1742858784,18,,,,,,,,,,,,,,,,,,,,,,,,,,,,,,,,,,,,,,,,,,,,,,,,,
3ce-shine-reflector-1-7g,,,Abib,,,,,,,,,,,,,,,,,,,,,,,,,https://cdn.shopify.com/s/files/1/0668/2555/2008/files/51858830-ebe0-4739-acbc-510d3d2b74e1_d80c0a8f-e097-4f83-8f08-4efdaa48160e.jpg?v=1742858784,19,,,,,,,,,,,,,,,,,,,,,,,,,,,,,,,,,,,,,,,,,,,,,,,,,
3ce-soft-matte-lip-stick-pure-pairing-edition,3CE Soft Matte Lip Stick (Pure Pairing Edition),,Abib,Health & Beauty > Personal Care > Cosmetics > Makeup > Lip Makeup,Lip Stick,,TRUE,Color,BETTER MOOD,,,,,,,,,0,shopify,100,deny,manual,25,,TRUE,TRUE,,https://cdn.shopify.com/s/files/1/0668/2555/2008/files/ce513d3d-6041-49fe-939b-2d4767f8459e_af186bcc-c318-4eef-b392-8bef404510ea.jpg?v=1742858755,1,,FALSE,,,,,,,,,,,,,,"This is a matte lipstick that gives a soft texture to the lips, making them smooth and comfortable, and creates a deep coloration as you layer it.","<img style=""display: block; margin-left: auto; margin-right: auto"" src=""https://cdn.shopify.com/s/files/1/0668/2555/2008/files/fb4676f0-0d4b-49c6-a203-0a61b0ab1af6.jpg?v=1742081236"" alt="""">","<div class=""modal-body type-inner-scroll""><div class=""modal-contents""><!----> <div class=""modal-cont-box type02""><div class=""prd-description""><table class=""table prd-desc-tbl""><colgroup><col class=""col01""> <col class=""col02""></colgroup> <tbody id=""descTbody""><tr><th scope=""row"">Content volume or weight</th> <td>3.5g</td></tr><tr><th scope=""row"">Ideal for</th> <td>For all skin types</td></tr><tr><th scope=""row"">Expiration date (or expiration date after opening)</th> <td>Within 36 months after manufacture, 18 months after opening</td></tr><tr><th scope=""row"">How to Use</th> <td>Spread an appropriate amount of the formula over the face. <br></td></tr><tr><th scope=""row"">Cosmetics manufacturers, cosmetics responsible distributors, and customized cosmetics sellers</th> <td>COSMAX Co., Ltd. / Stylenanda Co., Ltd. </td></tr><tr><th scope=""row"">Country of Manufacture</th> <td>South Korea</td></tr><tr><th scope=""row"">Ingredients</th> <td>#BETTER MOOD<br>Dimethicone, Isoamyl Laurate, Diphenyl Dimethicone/Vinyl Diphenyl Dimethicone/Silsesquioxane Crosspolymer, Vinyl Dimethicone/Methicone Silsesquioxane Crosspolymer, Polyglyceryl-2 Triisostearate, Synthetic Wax, Bis-Diglyceryl Polyacyladipate-2, Isoeicosane, Hydrogenated Polyisobutene, Silica, Diisostearyl Malate, Iron Oxide Yellow, Titanium Dioxide, Euphorbia Cerifera (Candelilla) Wax, Polyethylene, Diglyceryl Sebacate/Isopalmitate, Caprylic/Capric Triglyceride, Phytosteryl Macadamiate, Dimethicone/Vinyl Dimethicone Crosspolymer, Copernicia Cerifera (Carnauba) Wax Sorbitan Isostearate, Ethylhexyl Hydroxystearate, Polyhydroxystearic Acid, Polyglyceryl-2 Diisostearate, Dimethicone Crosspolymer, Candelilla Wax Esters, Stearalkonium Hectorite, Ethylhexyl Palmitate, Isopropyl Myristate, Isostearic Acid, Lecithin, Triethoxycaprylylsilane, Polyglyceryl-3 Polyricinoleate, Propylene Carbonate, Tocopherol, Phloxine B, Lithol Rubine BCA, Sunset Yellow FCF, Lithol Rubine B, Iron Oxide Red<br><br><br>#FLUFFY LOVE<br>Dimethicone, Isoamyl Laurate, Diphenyl Dimethicone/Vinyl Diphenyl Dimethicone/Silsesquioxane Crosspolymer, Vinyl Dimethicone/Methicone Silsesquioxane Crosspolymer, Synthetic Wax, Diisostearyl Malate, Titanium Dioxide, Polyglyceryl-2 Triisostearate, Bis-Diglyceryl Polyacyladipate-2, Isoeicosane, Hydrogenated Polyisobutene, Silica, Euphorbia Cerifera (Candelilla) Wax, Polyethylene, Diglyceryl Sebacate/Isopalmitate, Sunset Yellow FCF, Caprylic/Capric Triglyceride, Phytosteryl Macadamiate, Iron Oxide Red, Dimethicone/Vinyl Dimethicone Crosspolymer , Iron Oxide Yellow, Copernicia Cerifera (Carnauba) Wax Sorbitan Isostearate, Ethylhexyl Hydroxystearate, Polyhydroxystearic Acid, Dimethicone Crosspolymer, Candelilla Wax Esters, Stearalkonium Hectorite, Polyglyceryl-2 Diisostearate, Ethylhexyl Palmitate, Isopropyl Myristate, Isostearic Acid, Lecithin, Triethoxycaprylylsilane, Polyglyceryl-3 Polyricinoleate, Propylene Carbonate, Tocopherol, Lithol Rubine BCA, Iron Oxide Black<br></td></tr><tr><th scope=""row"">MFDS Evaluation of Functional Cosmetics</th> <td>N</td></tr><tr><th scope=""row"">Precautions when using</th> <td>1) Consult a specialist if you have abnormal symptoms or side effects such as a skin rash, swelling, or itchiness during use or from exposure to direct sunlight after use. <br>2) Do not use on wounds or other affected areas. <br>3) Storage and handling instructions a) Keep out of reach of children. b) Keep away from direct sunlight.</td></tr><tr><th scope=""row"">Quality Assurance Standard</th> <td>Compensation for defective products is provided according to the criteria for the settlement of consumer disputes notified publicly by the Fair Trade Commission.</td></tr><tr><th scope=""row"">Customer Service</th> <td>Stylenanda Co., Ltd. / +82-502-707-8888</td></tr></tbody></table></div></div></div></div>","A perfect combination of two pure and clear vibes that shows a subtle pairing in different moods. It is a product that shines even more when together, but still pretty alone.Warmth, like a bright smile that comes to mind on a refreshed face, is created by a fresh pairing of grapefruit and apricot.A mysterious, clear, lavender-pink variation that feels like it's steeped in berries, creates a unique vibe.",,,,,,,,,,,,,,,,,,,,https://cdn.shopify.com/s/files/1/0668/2555/2008/files/ae9e0c04-3b19-4031-bd8a-5a721e7ea6c0_5d8ba4bc-837d-4032-bae4-69ee16706a4a.jpg?v=1742858755,lb,,,TRUE,,,TRUE,,,active
3ce-soft-matte-lip-stick-pure-pairing-edition,,,Abib,,,,,,FLUFFY LOVE,,,,,,,,,0,shopify,100,deny,manual,25,,TRUE,TRUE,,https://cdn.shopify.com/s/files/1/0668/2555/2008/files/ae9e0c04-3b19-4031-bd8a-5a721e7ea6c0_5d8ba4bc-837d-4032-bae4-69ee16706a4a.jpg?v=1742858755,2,,,,,,,,,,,,,,,,,,,,,,,,,,,,,,,,,,,,,,,https://cdn.shopify.com/s/files/1/0668/2555/2008/files/d3bccde4-d30f-4c20-bed4-c8ee91b3cb67_02dec5e0-5651-4568-ae6b-44bd3e292a04.jpg?v=1742858755,lb,,,,,,,,,
3ce-soft-matte-lip-stick-pure-pairing-edition,,,Abib,,,,,,,,,,,,,,,,,,,,,,,,,https://cdn.shopify.com/s/files/1/0668/2555/2008/files/d3bccde4-d30f-4c20-bed4-c8ee91b3cb67_02dec5e0-5651-4568-ae6b-44bd3e292a04.jpg?v=1742858755,3,,,,,,,,,,,,,,,,,,,,,,,,,,,,,,,,,,,,,,,,,,,,,,,,,
new-3ce-soft-matte-lipstick,NEW 3CE Soft Matte Lipstick,,Abib,Health & Beauty > Personal Care > Cosmetics > Makeup > Lip Makeup,Lip Stick,,TRUE,Color,#MURMURING,,,,,,,,,0,shopify,100,deny,manual,20,,TRUE,TRUE,,https://cdn.shopify.com/s/files/1/0668/2555/2008/files/370bc080-2f75-4e85-b766-5cb887516bf7_3022341a-1f10-4507-b316-d77aa2b3dcd6.jpg?v=1742858747,1,,FALSE,,,,,,,,,,,,,,Silicone Elastomer Powder is applied and makes your lips feel light-weight and comfortable.Contains pigments to give rich color with just one swipe.,"<img style=""display: block; margin-left: auto; margin-right: auto"" src=""https://cdn.shopify.com/s/files/1/0668/2555/2008/files/268bc5af-472b-416f-9b4c-ead0daa90b16.jpg?v=1742735414"" alt="""">","<div class=""modal-body type-inner-scroll""><div class=""modal-contents""><!----> <div class=""modal-cont-box type02""><div class=""prd-description""><table class=""table prd-desc-tbl""><colgroup><col class=""col01""> <col class=""col02""></colgroup> <tbody id=""descTbody""><tr><th scope=""row"">Content volume or weight</th> <td>3.5g</td></tr><tr><th scope=""row"">Ideal for</th> <td>For all skin types</td></tr><tr><th scope=""row"">Expiration date (or expiration date after opening)</th> <td>Within 36 months after manufacture, 18 months after opening</td></tr><tr><th scope=""row"">How to Use</th> <td>Gently spread an appropriate amount over the entire face. <br></td></tr><tr><th scope=""row"">Cosmetics manufacturers, cosmetics responsible distributors, and customized cosmetics sellers</th> <td>Stylenanda Co., Ltd. / COSMAX Co., Ltd.</td></tr><tr><th scope=""row"">Country of Manufacture</th> <td>South Korea</td></tr><tr><th scope=""row"">Ingredients</th> <td>Dimethicone<br>Isoamyl Laurate<br>Diphenyl Dimethicone/Vinyl Diphenyl Dimethicone/Silsesquioxane Crosspolymer<br>Vinyl Dimethicone/Methicone Silsesquioxane Crosspolymer<br>Polyethylene<br>Diisostearyl Malate<br>Polyglyceryl-2 Triisostearate<br>Isoeicosane<br>Titanium Dioxide (CI 77891)<br>Bis-Diglyceryl Polyacyladipate-2<br>Silica<br>Hydrogenated Polyisobutene<br>Euphorbia Cerifera (Candelilla) Wax<br>Diglyceryl Sebacate/Isopalmitate<br>Ethylhexyl Hydroxystearate<br>Iron Oxide Yellow (CI 77492)<br>Dimethicone Crosspolymer<br>Synthetic Wax<br>Iron Oxide Red (CI 77491)<br>Caprylic/Capric Triglyceride<br>Copernicia Cerifera (Carnauba) Wax<br>Phytosteryl Macadamiate<br>Sorbitan Isostearate<br>Polyhydroxystearic Acid<br>Triethoxycaprylylsilane<br>Ethylhexyl Palmitate<br>Isopropyl Myristate<br>Isostearic Acid<br>Lecithin<br>Stearalkonium Hectorite<br>Polyglyceryl-3 Polyricinoleate<br>Polyglyceryl-2 Diisostearate<br>Propylene Carbonate<br>Pentaerythrityl Tetra-di-t-butyl Hydroxyhydrocinnamate<br>Tartrazine (CI 19140)<br>Iron Oxide Black (CI 77499)<br>Lithol Rubine BCA (CI 15850)<br><br></td></tr><tr><th scope=""row"">MFDS Evaluation of Functional Cosmetics</th> <td>N</td></tr><tr><th scope=""row"">Precautions when using</th> <td>1) Consult a specialist if you have abnormal symptoms or side effects such as a skin rash, swelling, or itchiness during use or from exposure to direct sunlight after use. <br>2) Do not use on wounds or other affected areas. <br>3) Storage and handling instructions a) Keep out of reach of children. b) Keep away from direct sunlight.<br><br></td></tr><tr><th scope=""row"">Quality Assurance Standard</th> <td>Compensation for defective products is provided according to the criteria for the settlement of consumer disputes notified publicly by the Fair Trade Commission.<br></td></tr><tr><th scope=""row"">Customer Service</th> <td>+82-502-707-8888</td></tr></tbody></table></div></div></div></div>","Has Long-lasting and matte finish features.Offered with soft and muted shades, and diverse color options.",,,,,,,,,,,,,,,,,,,,https://cdn.shopify.com/s/files/1/0668/2555/2008/files/6085717032413603259_30c4e487-e4aa-4a88-95a8-a8789e0a967f.jpg?v=1742858748,lb,,,TRUE,,,TRUE,,,active
new-3ce-soft-matte-lipstick,,,Abib,,,,,,#SMOKE PINK,,,,,,,,,0,shopify,100,deny,manual,20,,TRUE,TRUE,,https://cdn.shopify.com/s/files/1/0668/2555/2008/files/34ae016b-ace8-46fa-afc6-35bee9bbb9b3_89fea92e-a84d-4dea-94f2-4159eeba782e.jpg?v=1742858747,2,,,,,,,,,,,,,,,,,,,,,,,,,,,,,,,,,,,,,,,https://cdn.shopify.com/s/files/1/0668/2555/2008/files/6085717032413603259_30c4e487-e4aa-4a88-95a8-a8789e0a967f.jpg?v=1742858748,lb,,,,,,,,,
new-3ce-soft-matte-lipstick,,,Abib,,,,,,#WAY BACK,,,,,,,,,0,shopify,100,deny,manual,20,,TRUE,TRUE,,https://cdn.shopify.com/s/files/1/0668/2555/2008/files/4e1d71c5-8ae4-42ee-a8d3-64412ac082a5_55e77874-51d3-467a-888c-ab53bbfa0bac.jpg?v=1742858747,3,,,,,,,,,,,,,,,,,,,,,,,,,,,,,,,,,,,,,,,https://cdn.shopify.com/s/files/1/0668/2555/2008/files/4502399301881737386_29e3d06f-2f6a-47a3-bab9-e79926513535.jpg?v=1742858748,lb,,,,,,,,,
new-3ce-soft-matte-lipstick,,,Abib,,,,,,#HAZY ROSE,,,,,,,,,0,shopify,100,deny,manual,20,,TRUE,TRUE,,https://cdn.shopify.com/s/files/1/0668/2555/2008/files/ff143e01-3dd2-4046-afc4-130e42f6fa07_93f940d7-c3fd-43ab-814f-7755bf584068.jpg?v=1742858747,4,,,,,,,,,,,,,,,,,,,,,,,,,,,,,,,,,,,,,,,https://cdn.shopify.com/s/files/1/0668/2555/2008/files/1132148690066702016_796571f9-c551-4f41-b20b-1494fb36807b.jpg?v=1742858748,lb,,,,,,,,,
new-3ce-soft-matte-lipstick,,,Abib,,,,,,#CHILL MOVE,,,,,,,,,0,shopify,100,deny,manual,20,,TRUE,TRUE,,https://cdn.shopify.com/s/files/1/0668/2555/2008/files/f70d957b-cbe5-48fa-9243-0336aa02bbe5_013b95ac-335d-4c93-ac0c-0cd9e59aa675.jpg?v=1742858748,5,,,,,,,,,,,,,,,,,,,,,,,,,,,,,,,,,,,,,,,https://cdn.shopify.com/s/files/1/0668/2555/2008/files/813670933917915198_39c08fd8-abf7-475a-a188-ccabd85e5ebf.jpg?v=1742858748,lb,,,,,,,,,
new-3ce-soft-matte-lipstick,,,Abib,,,,,,#FOCUS ON ME,,,,,,,,,0,shopify,100,deny,manual,20,,TRUE,TRUE,,https://cdn.shopify.com/s/files/1/0668/2555/2008/files/9fbac64c-a031-4fea-ac92-cea64bceb64b_c30585f9-5d43-4bed-93a8-83dcb31de4ca.jpg?v=1742858748,6,,,,,,,,,,,,,,,,,,,,,,,,,,,,,,,,,,,,,,,https://cdn.shopify.com/s/files/1/0668/2555/2008/files/4563766815988131951_09ec4f9d-c659-4405-aff2-5d91a2c172e8.jpg?v=1742858748,lb,,,,,,,,,
new-3ce-soft-matte-lipstick,,,Abib,,,,,,#RED MUSE,,,,,,,,,0,shopify,100,deny,manual,20,,TRUE,TRUE,,https://cdn.shopify.com/s/files/1/0668/2555/2008/files/6085717032413603259_30c4e487-e4aa-4a88-95a8-a8789e0a967f.jpg?v=1742858748,7,,,,,,,,,,,,,,,,,,,,,,,,,,,,,,,,,,,,,,,https://cdn.shopify.com/s/files/1/0668/2555/2008/files/6692760697722755868_7885c203-bf4a-4d13-85b8-3b19372b1a6f.jpg?v=1742858748,lb,,,,,,,,,
new-3ce-soft-matte-lipstick,,,Abib,,,,,,#ETERNAL WARM,,,,,,,,,0,shopify,100,deny,manual,20,,TRUE,TRUE,,https://cdn.shopify.com/s/files/1/0668/2555/2008/files/4502399301881737386_29e3d06f-2f6a-47a3-bab9-e79926513535.jpg?v=1742858748,8,,,,,,,,,,,,,,,,,,,,,,,,,,,,,,,,,,,,,,,https://cdn.shopify.com/s/files/1/0668/2555/2008/files/a921ad84-b035-447f-b2f3-5c66392a854a_b6bdb349-a197-41a0-a89a-4b1d8c20ec61.jpg?v=1742858748,lb,,,,,,,,,
new-3ce-soft-matte-lipstick,,,Abib,,,,,,#WARMISH MOVE,,,,,,,,,0,shopify,100,deny,manual,20,,TRUE,TRUE,,https://cdn.shopify.com/s/files/1/0668/2555/2008/files/1132148690066702016_796571f9-c551-4f41-b20b-1494fb36807b.jpg?v=1742858748,9,,,,,,,,,,,,,,,,,,,,,,,,,,,,,,,,,,,,,,,https://cdn.shopify.com/s/files/1/0668/2555/2008/files/9057336537783462748_8e4547ef-981f-4a08-a1ea-7a9a480dad3d.jpg?v=1742858748,lb,,,,,,,,,
new-3ce-soft-matte-lipstick,,,Abib,,,,,,#ORANGE BREEZE,,,,,,,,,0,shopify,100,deny,manual,20,,TRUE,TRUE,,https://cdn.shopify.com/s/files/1/0668/2555/2008/files/813670933917915198_39c08fd8-abf7-475a-a188-ccabd85e5ebf.jpg?v=1742858748,10,,,,,,,,,,,,,,,,,,,,,,,,,,,,,,,,,,,,,,,https://cdn.shopify.com/s/files/1/0668/2555/2008/files/8259816784108677230_9e189688-7985-43ae-841d-2dc1fb05e965.jpg?v=1742858748,lb,,,,,,,,,
new-3ce-soft-matte-lipstick,,,Abib,,,,,,#UNSTAINED RED,,,,,,,,,0,shopify,100,deny,manual,20,,TRUE,TRUE,,https://cdn.shopify.com/s/files/1/0668/2555/2008/files/4563766815988131951_09ec4f9d-c659-4405-aff2-5d91a2c172e8.jpg?v=1742858748,11,,,,,,,,,,,,,,,,,,,,,,,,,,,,,,,,,,,,,,,https://cdn.shopify.com/s/files/1/0668/2555/2008/files/1952c352-adda-43ab-a1ad-8484caffd5a2_07a9d044-4c1c-440b-89a1-42c61e5c8139.jpg?v=1742858748,lb,,,,,,,,,
new-3ce-soft-matte-lipstick,,,Abib,,,,,,#SENSUAL BREEZE,,,,,,,,,0,shopify,100,deny,manual,20,,TRUE,TRUE,,https://cdn.shopify.com/s/files/1/0668/2555/2008/files/6692760697722755868_7885c203-bf4a-4d13-85b8-3b19372b1a6f.jpg?v=1742858748,12,,,,,,,,,,,,,,,,,,,,,,,,,,,,,,,,,,,,,,,https://cdn.shopify.com/s/files/1/0668/2555/2008/files/f21a881d-fde5-47df-98ce-cff5e3866736_ca0569cd-aa4a-4632-a19b-8fc42ea9d482.jpg?v=1742858748,lb,,,,,,,,,
new-3ce-soft-matte-lipstick,,,Abib,,,,,,,,,,,,,,,,,,,,,,,,,https://cdn.shopify.com/s/files/1/0668/2555/2008/files/a921ad84-b035-447f-b2f3-5c66392a854a_b6bdb349-a197-41a0-a89a-4b1d8c20ec61.jpg?v=1742858748,13,,,,,,,,,,,,,,,,,,,,,,,,,,,,,,,,,,,,,,,,,,,,,,,,,
new-3ce-soft-matte-lipstick,,,Abib,,,,,,,,,,,,,,,,,,,,,,,,,https://cdn.shopify.com/s/files/1/0668/2555/2008/files/9057336537783462748_8e4547ef-981f-4a08-a1ea-7a9a480dad3d.jpg?v=1742858748,14,,,,,,,,,,,,,,,,,,,,,,,,,,,,,,,,,,,,,,,,,,,,,,,,,
new-3ce-soft-matte-lipstick,,,Abib,,,,,,,,,,,,,,,,,,,,,,,,,https://cdn.shopify.com/s/files/1/0668/2555/2008/files/8259816784108677230_9e189688-7985-43ae-841d-2dc1fb05e965.jpg?v=1742858748,15,,,,,,,,,,,,,,,,,,,,,,,,,,,,,,,,,,,,,,,,,,,,,,,,,
new-3ce-soft-matte-lipstick,,,Abib,,,,,,,,,,,,,,,,,,,,,,,,,https://cdn.shopify.com/s/files/1/0668/2555/2008/files/1952c352-adda-43ab-a1ad-8484caffd5a2_07a9d044-4c1c-440b-89a1-42c61e5c8139.jpg?v=1742858748,16,,,,,,,,,,,,,,,,,,,,,,,,,,,,,,,,,,,,,,,,,,,,,,,,,
new-3ce-soft-matte-lipstick,,,Abib,,,,,,,,,,,,,,,,,,,,,,,,,https://cdn.shopify.com/s/files/1/0668/2555/2008/files/f21a881d-fde5-47df-98ce-cff5e3866736_ca0569cd-aa4a-4632-a19b-8fc42ea9d482.jpg?v=1742858748,17,,,,,,,,,,,,,,,,,,,,,,,,,,,,,,,,,,,,,,,,,,,,,,,,,
3ce-velvet-lip-tint-4g,3CE Velvet Lip Tint 4g,,Abib,Health & Beauty > Personal Care > Cosmetics > Makeup > Lip Makeup,Lip Gloss & Lip Tint,,TRUE,Color,#CHILDLIKE,,,,,,,,,0,shopify,100,deny,manual,13.6,17,TRUE,TRUE,,https://cdn.shopify.com/s/files/1/0668/2555/2008/files/646ee906-5b19-4869-a514-5251385617c5_5a2a6bde-2778-436b-bd29-41c78c9c693c.jpg?v=1742858720,1,,FALSE,,,,,,,,,,,,,,The velvet tinted pigment softly dissolves on lips to provide long-lasting deep color.,"<img style=""display: block; margin-left: auto; margin-right: auto"" src=""https://cdn.shopify.com/s/files/1/0668/2555/2008/files/83cd209e-6c72-463d-ba9b-be8a60c1417a.jpg?v=1742735521"" alt="""">","<div class=""modal-body type-inner-scroll""><div class=""modal-contents""><!----> <div class=""modal-cont-box type02""><div class=""prd-description""><table class=""table prd-desc-tbl""><colgroup><col class=""col01""> <col class=""col02""></colgroup> <tbody id=""descTbody""><tr><th scope=""row"">Content volume or weight</th> <td>4g</td></tr><tr><th scope=""row"">Ideal for</th> <td>√¢‚Äì For all skin types </td></tr><tr><th scope=""row"">Expiration date (or expiration date after opening)</th> <td>√¢‚Äì 30 months after manufacture, 12 months after opening / The manufacturing date is difficult to be specified as it changes all the time. </td></tr><tr><th scope=""row"">How to Use</th> <td>√¢‚Äì Gently spread an appropriate amount over the entire face. <br></td></tr><tr><th scope=""row"">Cosmetics manufacturers, cosmetics responsible distributors, and customized cosmetics sellers</th> <td>√¢‚Äì C&amp;C International Co., Ltd. / Stylenanda Co., Ltd. </td></tr><tr><th scope=""row"">Country of Manufacture</th> <td>√¢‚Äì South Korea</td></tr><tr><th scope=""row"">Ingredients</th> <td>√¢‚Äì <br>#CHILDLIKE<br>Dimethicone, Cyclopentasiloxane, Dimethicone Crosspolymer, Dimethicone/Vinyl Dimethicone Crosspolymer, Polyglyceryl-2 Triisostearate, Isododecane, Sunset Yellow FCF, Cyclohexasiloxane, 1,2-Hexanediol, Disteardimonium Hectorite, Phenoxyethanol, Lithol Rubine BCA, PEG-10 Dimethicone, Tocopheryl Acetate, Tetrachlorotetrabromofluorescein, Propylene Carbonate, Caprylic/Capric Triglyceride, Helianthus Annuus (Sunflower) Seed Oil, Calendula Officinalis Flower Oil, Rosa Canina Fruit Extract, Rose Extract, Coumarin<br><br>#PINK BREAK<br>Dimethicone, Cyclopentasiloxane, Dimethicone Crosspolymer, Dimethicone/Vinyl Dimethicone Crosspolymer, Polyglyceryl-2 Triisostearate, Isododecane, Titanium Dioxide, Cyclohexasiloxane, 1,2-Hexanediol, Iron Oxide Red, Phloxine B, Disteardimonium Hectorite, Phenoxyethanol, PEG-10 Dimethicone, Tocopheryl Acetate, Propylene Carbonate, Tetrachlorotetrabromofluorescein, Iron Oxide Black, Caprylic/Capric Triglyceride, Helianthus Annuus (Sunflower) Seed Oil, Calendula Officinalis Flower Oil, Rosa Canina Fruit Extract, Rose Extract, Coumarin<br><br>#DAFFODIL<br>Dimethicone, Cyclopentasiloxane, Dimethicone Crosspolymer, Dimethicone/Vinyl Dimethicone Crosspolymer, Polyglyceryl-2 Triisostearate, Isododecane, Cyclohexasiloxane, Titanium Dioxide, Iron Oxide Red, Iron Oxide Yellow, 1,2-Hexanediol, Lithol Rubine BCA, Disteardimonium Hectorite, Phenoxyethanol, PEG-10 Dimethicone, Tocopheryl Acetate, Propylene Carbonate, Tetrachlorotetrabromofluorescein, Caprylic/Capric Triglyceride, Helianthus Annuus (Sunflower) Seed Oil, Calendula Officinalis Flower Oil, Rosa Canina Fruit Extract, Rose Extract, Coumarin <br><br>#GOING RIGHT<br>Dimethicone, Cyclopentasiloxane, Dimethicone Crosspolymer, Dimethicone/Vinyl Dimethicone Crosspolymer, Polyglyceryl-2 Triisostearate, Isododecane, Titanium Dioxide, Cyclohexasiloxane, Iron Oxide Red, 1,2-Hexanediol, Iron Oxide Yellow, Disteardimonium Hectorite, Phenoxyethanol, PEG-10 Dimethicone, Tocopheryl Acetate, Propylene Carbonate, Lithol Rubine BCA, Iron Oxide Black, Tetrachlorotetrabromofluorescein, Caprylic/Capric Triglyceride, Helianthus Annuus (Sunflower) Seed Oil, Calendula Officinalis Flower Oil, Rosa Canina Fruit Extract, Rose Extract, Coumarin<br><br>#PRIVATE<br>Dimethicone, Cyclopentasiloxane, Polyglyceryl-2 Triisostearate, Dimethicone Crosspolymer, Dimethicone/Vinyl Dimethicone Crosspolymer, Isododecane, Cyclohexasiloxane, Sunset Yellow FCF, 1,2-Hexanediol, Lithol Rubine BCA, Phloxine B, Disteardimonium Hectorite, Phenoxyethanol, Tetrachlorotetrabromofluorescein, PEG-10 Dimethicone, Tocopheryl Acetate, Propylene Carbonate, Caprylic/Capric Triglyceride, Helianthus Annuus (Sunflower) Seed Oil, Calendula Officinalis Flower Oil, Rosa Canina Fruit Extract, Rose Extract, Coumarin<br><br>#NEAR AND DEAR<br>Dimethicone, Cyclopentasiloxane, Dimethicone Crosspolymer, Dimethicone/Vinyl Dimethicone Crosspolymer, Polyglyceryl-2 Triisostearate, Titanium Dioxide, Isododecane, Cyclohexasiloxane, 1,2-Hexanediol, Iron Oxide Red, Disteardimonium Hectorite, Phenoxyethanol, Iron Oxide Black, PEG-10 Dimethicone, Tocopheryl Acetate, Propylene Carbonate, Phloxine B, Tetrachlorotetrabromofluorescein, Caprylic/Capric Triglyceride, Helianthus Annuus (Sunflower) Seed Oil, Calendula Officinalis Flower Oil, Rosa Canina Fruit Extract, Rose Extract, Coumarin<br><br>#NEW NUDE<br>Dimethicone, Cyclopentasiloxane, Dimethicone Crosspolymer, Dimethicone/Vinyl Dimethicone Crosspolymer, Polyglyceryl-2 Triisostearate, Titanium Dioxide, Isododecane, Cyclohexasiloxane, 1,2-Hexanediol, Iron Oxide Yellow, Iron Oxide Red, Disteardimonium Hectorite, Phenoxyethanol, PEG-10 Dimethicone, Tocopheryl Acetate, Iron Oxide Black, Propylene Carbonate, Tetrachlorotetrabromofluorescein, Caprylic/Capric Triglyceride, Helianthus Annuus (Sunflower) Seed Oil, Calendula Officinalis Flower Oil, Rosa Canina Fruit Extract, Rose Extract, Coumarin<br><br>#SAVE ME<br>Dimethicone, Cyclopentasiloxane, Dimethicone Crosspolymer, Dimethicone/Vinyl Dimethicone Crosspolymer, Polyglyceryl-2 Triisostearate, Isododecane, Cyclohexasiloxane, Tartrazine, Titanium Dioxide, 1,2-Hexanediol, Phloxine B, Disteardimonium Hectorite, Phenoxyethanol, PEG-10 Dimethicone, Tocopheryl Acetate, Propylene Carbonate, Tetrachlorotetrabromofluorescein, Caprylic/Capric Triglyceride, Helianthus Annuus (Sunflower) Seed Oil, Calendula Officinalis Flower Oil, Rosa Canina Fruit Extract, Rose Extract, Coumarin<br><br>#TAUPE<br>Dimethicone, Cyclopentasiloxane, Dimethicone Crosspolymer, Dimethicone/Vinyl Dimethicone Crosspolymer, Polyglyceryl-2 Triisostearate, Isododecane, Iron Oxide Red, Cyclohexasiloxane, 1,2-Hexanediol, Phloxine B, Iron Oxide Black, Disteardimonium Hectorite, Phenoxyethanol, Lithol Rubine BCA, PEG-10 Dimethicone, Tocopheryl Acetate, Propylene Carbonate, Tetrachlorotetrabromofluorescein, Caprylic/Capric Triglyceride, Helianthus Annuus (Sunflower) Seed Oil, Calendula Officinalis Flower Oil, Rosa Canina Fruit Extract, Rose Extract, Coumarin<br><br>#BEST EVER<br>Dimethicone, Cyclopentasiloxane, Dimethicone Crosspolymer, Dimethicone/Vinyl Dimethicone Crosspolymer, Polyglyceryl-2 Triisostearate, Isododecane, Phloxine B, Cyclohexasiloxane, Sunset Yellow FCF, 1,2-Hexanediol, Disteardimonium Hectorite, Phenoxyethanol, Tetrachlorotetrabromofluorescein, PEG-10 Dimethicone, Tocopheryl Acetate, Propylene Carbonate, Caprylic/Capric Triglyceride, Helianthus Annuus (Sunflower) Seed Oil, Calendula Officinalis Flower Oil, Rosa Canina Fruit Extract, Rose Extract, Coumarin<br><br>#SPEAK UP<br>Dimethicone, Cyclopentasiloxane, Dimethicone Crosspolymer, Dimethicone/Vinyl Dimethicone Crosspolymer, Polyglyceryl-2 Triisostearate, Isododecane, Iron Oxide Red, Cyclohexasiloxane, Phloxine B, 1,2-Hexanediol, Iron Oxide Black, Disteardimonium Hectorite, Phenoxyethanol, PEG-10 Dimethicone, Tocopheryl Acetate, Fragrance, Propylene Carbonate, Coumarin, Caprylic/Capric Triglyceride, Helianthus Annuus (Sunflower) Seed Oil, Tetrachlorotetrabromofluorescein, Calendula Officinalis Flower Oil, Rosa Canina Fruit Extract<br><br>#SLOW MOTION<br>Dimethicone, Cyclopentasiloxane, Dimethicone Crosspolymer, Dimethicone/Vinyl Dimethicone Crosspolymer, Polyglyceryl-2 Triisostearate, Isododecane, Cyclohexasiloxane, Titanium Dioxide, Iron Oxide Yellow, 1,2-Hexanediol, Iron Oxide Red, Disteardimonium Hectorite, Phloxine B, Phenoxyethanol, Tartrazine, PEG-10 Dimethicone, Tocopheryl Acetate, Fragrance, Propylene Carbonate, Coumarin, Caprylic/Capric Triglyceride, Helianthus Annuus (Sunflower) Seed Oil, Tetrachlorotetrabromofluorescein, Calendula Officinalis Flower Oil, Rosa Canina Fruit Extract, Rose Extract, <br><br>#DRIZZLE LOVE<br>Dimethicone, Cyclopentasiloxane, Dimethicone/Vinyl Dimethicone Crosspolymer, Dimethicone Crosspolymer, Polyglyceryl-2 Triisostearate, Isododecane, Titanium Dioxide, Cyclohexasiloxane, 1,2-Hexanediol, PEG-10 Dimethicone, Iron Oxide Yellow, Lithol Rubine BCA, Disteardimonium Hectorite, Phenoxyethanol, Tocopheryl Acetate, Fragrance, Tartrazine, Propylene Carbonate, Iron Oxide Black, Coumarin, Tetrachlorotetrabromofluorescein, Caprylic/Capric Triglyceride, Helianthus Annuus (Sunflower) Seed Oil, Calendula Officinalis Flower Oil, Rosa Canina Fruit Extract, Rose Extract, <br><br>#THINK AGAIN<br>Dimethicone, Cyclopentasiloxane, Dimethicone/Vinyl Dimethicone Crosspolymer, Dimethicone Crosspolymer, Polyglyceryl-2 Triisostearate, Isododecane, Titanium Dioxide, Cyclohexasiloxane, Iron Oxide Red, 1,2-Hexanediol, PEG-10 Dimethicone, Disteardimonium Hectorite, Phenoxyethanol, Sunset Yellow FCF, Tocopheryl Acetate, Fragrance, Lithol Rubine BCA, Iron Oxide Black, Propylene Carbonate, Coumarin, Tetrachlorotetrabromofluorescein, Caprylic/Capric Triglyceride, Helianthus Annuus (Sunflower) Seed Oil, Calendula Officinalis Flower Oil, Rosa Canina Fruit Extract, Rose Extract, <br><br>#CHEEKY ROSE<br>Dimethicone, Cyclopentasiloxane, Dimethicone/Vinyl Dimethicone Crosspolymer, Dimethicone Crosspolymer, Polyglyceryl-2 Triisostearate, Isododecane, Cyclohexasiloxane, Titanium Dioxide, Iron Oxide Yellow, 1,2-Hexanediol, PEG-10 Dimethicone, Lithol Rubine BCA, Disteardimonium Hectorite, Sunset Yellow FCF, Phenoxyethanol, Tocopheryl Acetate, Fragrance, Iron Oxide Black, Propylene Carbonate, Coumarin, Tetrachlorotetrabromofluorescein, Caprylic/Capric Triglyceride, Helianthus Annuus (Sunflower) Seed Oil, Calendula Officinalis Flower Oil, Rosa Canina Fruit')||('Extract, Rose Extract, <br><br></td></tr><tr><th scope=""row"">MFDS Evaluation of Functional Cosmetics</th> <td>N</td></tr><tr><th scope=""row"">Precautions when using</th> <td>√¢‚Äì <br>1) Consult a specialist if you have abnormal symptoms or side effects such as a skin rash, swelling, or itchiness during use or from exposure to direct sunlight after use. <br>2) Do not use on wounds or other affected areas. <br>3) Storage and handling instructions a) Keep out of reach of children. b) Keep away from direct sunlight. </td></tr><tr><th scope=""row"">Quality Assurance Standard</th> <td>√¢‚Äì Compensation for defective products is provided according to the criteria for the settlement of consumer disputes notified publicly by the Fair Trade Commission.<br></td></tr><tr><th scope=""row"">Customer Service</th> <td>√¢‚Äì Stylenanda Co., Ltd. / +82-502-707-8888</td></tr></tbody></table></div></div></div></div>",The elastomer inside the texture fills in fine wrinkles of lips and makes soft lips through perfect adherence.The sherbet texture melts as soon as touching on lips to make a gradient effect.,,,,,,,,,,,,,,,,,,,,https://cdn.shopify.com/s/files/1/0668/2555/2008/files/94f009f8-25ba-4b48-9060-bf8bc758b240_f23bc576-97e0-43ae-aac6-8514e67066d5.jpg?v=1742858720,lb,,,TRUE,,,TRUE,,,active
3ce-velvet-lip-tint-4g,,,Abib,,,,,,#PINK BREAK,,,,,,,,,0,shopify,100,deny,manual,13.6,17,TRUE,TRUE,,https://cdn.shopify.com/s/files/1/0668/2555/2008/files/70573ddf-6248-4b86-8842-a4b21fd2126f_65b18eb6-7e37-4549-bbba-efe1757ff762.jpg?v=1742858720,2,,,,,,,,,,,,,,,,,,,,,,,,,,,,,,,,,,,,,,,https://cdn.shopify.com/s/files/1/0668/2555/2008/files/d5a6dbcd-41ef-4892-a4ca-14642264326c_337282ce-c53b-4a85-81dd-c0511a08a280.jpg?v=1742858720,lb,,,,,,,,,
3ce-velvet-lip-tint-4g,,,Abib,,,,,,#DAFFODIL,,,,,,,,,0,shopify,100,deny,manual,13.6,17,TRUE,TRUE,,https://cdn.shopify.com/s/files/1/0668/2555/2008/files/73830848-aea3-453d-ba3c-862e6f7d0357_baee947b-c9ee-458f-9ace-3bc10d8ad535.jpg?v=1742858720,3,,,,,,,,,,,,,,,,,,,,,,,,,,,,,,,,,,,,,,,https://cdn.shopify.com/s/files/1/0668/2555/2008/files/a11e9c85-1e5b-4289-9c0c-f4ad244d5cf1_2b8372a6-8c84-410f-8a79-64d90b90057a.jpg?v=1742858720,lb,,,,,,,,,
3ce-velvet-lip-tint-4g,,,Abib,,,,,,#GOING RIGHT,,,,,,,,,0,shopify,100,deny,manual,13.6,17,TRUE,TRUE,,https://cdn.shopify.com/s/files/1/0668/2555/2008/files/bd93e166-4245-4858-95f0-6ccb5f4313b3_6f768ab7-82f8-4780-8762-d51edbd8f182.jpg?v=1742858720,4,,,,,,,,,,,,,,,,,,,,,,,,,,,,,,,,,,,,,,,https://cdn.shopify.com/s/files/1/0668/2555/2008/files/23857128-c80b-4ae1-ab38-95a444c070a0_7596f1da-0dd1-4d60-b325-3cac6e54c041.jpg?v=1742858720,lb,,,,,,,,,
3ce-velvet-lip-tint-4g,,,Abib,,,,,,#NEW NUDE,,,,,,,,,0,shopify,100,deny,manual,13.6,17,TRUE,TRUE,,https://cdn.shopify.com/s/files/1/0668/2555/2008/files/fed4bda3-e01d-4290-8d69-65857094ae52_cd12867b-9cfb-4b03-98e4-fb8f9a072aca.jpg?v=1742858720,5,,,,,,,,,,,,,,,,,,,,,,,,,,,,,,,,,,,,,,,https://cdn.shopify.com/s/files/1/0668/2555/2008/files/62f46619-038f-43b8-97d1-a6a19c9430fd_ceacc353-a126-49a4-b5da-dfbe7adc3ea5.jpg?v=1742858720,lb,,,,,,,,,
3ce-velvet-lip-tint-4g,,,Abib,,,,,,#TAUPE,,,,,,,,,0,shopify,100,deny,manual,13.6,17,TRUE,TRUE,,https://cdn.shopify.com/s/files/1/0668/2555/2008/files/6a2cae5e-aa3d-4875-b6c1-9304fb437df8_28b1956e-d295-44b1-be70-a562f0d99e8b.jpg?v=1742858720,6,,,,,,,,,,,,,,,,,,,,,,,,,,,,,,,,,,,,,,,https://cdn.shopify.com/s/files/1/0668/2555/2008/files/51b843fd-26da-465f-9803-0203e6e12c58_6e2d2a9c-4225-48ac-b615-82c8142d5c79.jpg?v=1742858720,lb,,,,,,,,,
3ce-velvet-lip-tint-4g,,,Abib,,,,,,#BEST EVER,,,,,,,,,0,shopify,100,deny,manual,13.6,17,TRUE,TRUE,,https://cdn.shopify.com/s/files/1/0668/2555/2008/files/94f009f8-25ba-4b48-9060-bf8bc758b240_f23bc576-97e0-43ae-aac6-8514e67066d5.jpg?v=1742858720,7,,,,,,,,,,,,,,,,,,,,,,,,,,,,,,,,,,,,,,,https://cdn.shopify.com/s/files/1/0668/2555/2008/files/583a3d71-98cf-4035-bc97-9e9b7ff1b9fb_2314b0fb-0106-4e78-afda-d85031caee41.jpg?v=1742858720,lb,,,,,,,,,
3ce-velvet-lip-tint-4g,,,Abib,,,,,,(New) #SPEAK UP,,,,,,,,,0,shopify,100,deny,manual,13.6,17,TRUE,TRUE,,https://cdn.shopify.com/s/files/1/0668/2555/2008/files/d5a6dbcd-41ef-4892-a4ca-14642264326c_337282ce-c53b-4a85-81dd-c0511a08a280.jpg?v=1742858720,8,,,,,,,,,,,,,,,,,,,,,,,,,,,,,,,,,,,,,,,https://cdn.shopify.com/s/files/1/0668/2555/2008/files/a6b3dc68-1bf4-4129-a7b6-9722e2d23c97_266d5ebc-eb07-459b-b317-fc65e7663786.jpg?v=1742858720,lb,,,,,,,,,
3ce-velvet-lip-tint-4g,,,Abib,,,,,,#CASHMERE NUDE,,,,,,,,,0,shopify,100,deny,manual,13.6,17,TRUE,TRUE,,https://cdn.shopify.com/s/files/1/0668/2555/2008/files/a11e9c85-1e5b-4289-9c0c-f4ad244d5cf1_2b8372a6-8c84-410f-8a79-64d90b90057a.jpg?v=1742858720,9,,,,,,,,,,,,,,,,,,,,,,,,,,,,,,,,,,,,,,,https://cdn.shopify.com/s/files/1/0668/2555/2008/files/4a3e5424-1bc7-45a3-bf69-747c40966a86_6b666bc9-ff09-4d2b-87f4-d46989fc125c.jpg?v=1742858720,lb,,,,,,,,,
3ce-velvet-lip-tint-4g,,,Abib,,,,,,#COZY CRUSH (Ash Lavender),,,,,,,,,0,shopify,100,deny,manual,19.2,17,TRUE,TRUE,,https://cdn.shopify.com/s/files/1/0668/2555/2008/files/23857128-c80b-4ae1-ab38-95a444c070a0_7596f1da-0dd1-4d60-b325-3cac6e54c041.jpg?v=1742858720,10,,,,,,,,,,,,,,,,,,,,,,,,,,,,,,,,,,,,,,,https://cdn.shopify.com/s/files/1/0668/2555/2008/files/3b03e55f-50a5-4cea-8970-b06a72da144d_e312b4fe-15f4-45b7-8f80-b6063e0aaba7.jpg?v=1742858720,lb,,,,,,,,,
3ce-velvet-lip-tint-4g,,,Abib,,,,,,#KNOW BETTER,,,,,,,,,0,shopify,100,deny,manual,13.6,17,TRUE,TRUE,,https://cdn.shopify.com/s/files/1/0668/2555/2008/files/62f46619-038f-43b8-97d1-a6a19c9430fd_ceacc353-a126-49a4-b5da-dfbe7adc3ea5.jpg?v=1742858720,11,,,,,,,,,,,,,,,,,,,,,,,,,,,,,,,,,,,,,,,https://cdn.shopify.com/s/files/1/0668/2555/2008/files/e8dc940d-3929-48de-a628-54f61662f895_ed337af3-b64c-4ae9-8863-fc3110dc7581.jpg?v=1742858720,lb,,,,,,,,,